CrawlTime,jobID,duration_specified,duration_months,renewal_mentioned,start_specified,start_iso,start_descriptor
"2026-09-09T22:54:23.4409138Z","94526824","False","0","False","False","","not specified"
"2026-09-09T22:57:21.8581467Z","94517084","False","0","False","False","","not specified"
"2026-09-09T23:01:28.6550675Z","94506144","True","42","False","False","","not specified"
"2026-09-09T23:03:58.7136507Z","94490602","True","6","False","False","","not specified"
"2026-09-10T00:48:47.9333240Z","94534979","True","12","False","True","2026-10-01","October 2026"
"2026-09-10T00:50:00.1003352Z","94526513","False","0","False","False","","not specified"
"2026-09-10T00:51:56.0189249Z","94518730","True","12","True","False","","not specified"
"2026-09-10T00:53:52.3126908Z","94513206","True","22","False","False","","not specified"
"2026-09-10T01:01:29.1788856Z","94484907","True","36","True","True","2026-10-01","October start"
"2026-09-10T05:33:44.9698544Z","94545390","True","9","False","False","","not specified"
"2026-09-10T05:34:03.4642233Z","94544803","True","12","True","True","2026-10-19","Monday, 19 October 2026"
"2026-09-10T05:34:36.0245331Z","94543605","False","0","False","False","","not specified"
"2026-09-10T10:33:21.4088373Z","94476310","False","0","False","False","","not specified"
"2026-09-10T10:34:26.5819433Z","94548768","True","3","True","False","","not specified"
"2026-09-10T10:37:07.5895716Z","94540981","True","12","False","True","","Onsite for the first 6 weeks, then hybrid flexible working may be considered"
"2026-09-10T10:39:01.6290813Z","94534882","True","12","True","False","","not specified"
"2026-09-10T10:39:57.2276278Z","94532934","True","12","True","False","","not specified"
"2026-09-10T10:42:35.6817537Z","94518099","True","41","False","False","","not specified"
"2026-09-10T10:42:56.4281813Z","94517329","False","0","False","False","","not specified"
"2026-09-10T10:43:16.2101099Z","94516461","False","0","False","False","","not specified"
"2026-09-10T10:43:57.4709131Z","94515154","False","0","False","False","","not specified"
"2026-09-10T14:47:39.5746963Z","94552245","True","9","False","False","","not specified"
"2026-09-10T14:50:38.2730105Z","94542821","False","0","False","False","","not specified"
"2026-09-10T14:52:41.7864447Z","94535170","True","41","False","False","","not specified"
"2026-09-10T14:54:41.9731808Z","94521391","False","0","False","True","2027-02-01","February 2027"
"2026-09-10T14:58:54.9505363Z","94507268","True","27","True","False","","not specified"
"2026-09-10T14:59:35.4467615Z","94505686","True","36","True","False","","not specified"
"2026-09-10T18:06:35.2921564Z","94543065","False","0","False","False","","not specified"
"2026-09-10T18:07:13.4668943Z","94539410","True","12","False","False","","not specified"
"2026-09-10T18:09:19.1370669Z","94533221","True","26","True","False","","not specified"
"2026-09-10T18:11:13.5918914Z","94520837","True","12","False","False","","not specified"
"2026-09-10T18:11:54.7902009Z","94520095","False","0","False","False","","not specified"
"2026-09-10T21:22:57.4345931Z","94552388","True","6","True","False","","not specified"
"2026-09-10T21:26:34.5413781Z","94538266","True","12","True","False","","not specified"
"2026-09-10T23:41:22.5746584Z","94561333","True","12","False","False","","not specified"
"2026-09-10T23:43:29.7316661Z","94549423","False","0","False","False","","not specified"
"2026-09-10T23:43:56.6929165Z","94546158","True","12","True","False","","not specified"
"2026-09-10T23:46:25.4735457Z","94537894","False","0","False","False","","not specified"
"2026-09-11T02:54:13.5576532Z","94564411","True","38","True","False","","not specified"
"2026-09-11T02:57:51.7062427Z","94546266","True","60","False","False","","not specified"
"2026-09-11T02:58:23.5590013Z","94545443","False","0","False","False","","not specified"
"2026-09-11T03:01:33.7740708Z","94533899","True","6","False","False","","not specified"
"2026-09-11T07:47:13.7095077Z","94575531","True","6","True","False","","not specified"
"2026-09-11T07:47:27.8171637Z","94575042","True","12","True","False","","not specified"
"2026-09-11T07:49:52.2756280Z","94572387","True","12","False","False","","not specified"
"2026-09-11T07:51:31.3666082Z","94570721","True","6","True","False","","not specified"
"2026-09-11T07:56:04.3949050Z","94550685","True","6","True","False","","not specified"
"2026-09-11T07:58:09.9988775Z","94544060","True","6","False","False","","not specified"
"2026-09-11T07:58:28.4795674Z","94541826","False","0","False","False","","not specified"
"2026-09-11T07:58:38.0892509Z","94541308","True","24","True","False","","not specified"
"2026-09-11T07:59:32.2777476Z","94537652","False","0","False","False","","not specified"
"2026-09-11T12:43:40.0158058Z","94561518","True","12","True","False","","not specified"
"2026-09-11T12:44:06.9184218Z","94557860","True","6","True","False","","not specified"
"2026-09-11T12:44:38.8684162Z","94551425","True","1","False","True","2026-09-21","21 September 2026"
"2026-09-11T12:46:32.2996357Z","94544536","True","6","True","False","","not specified"
"2026-09-11T12:46:37.7229638Z","94544080","True","6","False","False","","not specified"
"2026-09-11T12:47:36.4868185Z","94538124","False","0","False","False","","not specified"
"2026-09-11T16:54:15.6633540Z","94580125","True","3","False","False","","not specified"
"2026-09-11T16:55:22.7825994Z","94576661","True","26","True","False","","not specified"
"2026-09-11T16:59:33.4961891Z","94571350","False","0","False","True","","asap"
"2026-09-11T17:02:54.4678506Z","94563426","True","18","False","False","","not specified"
"2026-09-11T17:05:32.5108442Z","94548138","False","0","False","False","","not specified"
"2026-09-11T17:07:35.1004202Z","94538570","True","12","True","True","","immediately"
"2026-09-11T19:27:40.8364762Z","94576313","False","0","False","False","","not specified"
"2026-09-11T19:28:07.8538262Z","94575478","True","6","True","False","","not specified"
"2026-09-11T19:34:09.3022388Z","94563671","True","12","True","True","","flexibility around daily start and finish times"
"2026-09-11T22:13:05.4549048Z","94586004","True","3","True","False","","not specified"
"2026-09-11T22:13:59.8463315Z","94578771","False","0","True","False","","not specified"
"2026-09-11T22:14:42.3038655Z","94576498","True","0","False","False","","not specified"
"2026-09-11T22:17:37.7339209Z","94572491","True","24","True","False","","not specified"
"2026-09-12T00:55:49.5607418Z","94574317","True","52","False","False","","not specified"
"2026-09-12T00:56:12.7705292Z","94573699","True","12","False","False","","not specified"
"2026-09-12T00:59:00.1332398Z","94569792","True","12","False","False","","not specified"
"2026-09-12T05:24:23.9732117Z","94575924","True","6","True","False","","not specified"
"2026-09-12T05:26:04.7616452Z","94573629","True","21","True","False","","not specified"
"2026-09-12T05:28:08.8175394Z","94570660","True","8","False","True","2026-10-26","26 October 2026"
"2026-09-12T10:02:06.1910597Z","94589674","True","0","True","False","","not specified"
"2026-09-12T10:04:47.4945321Z","94574471","False","0","False","False","","not specified"
"2026-09-12T10:09:09.0243461Z","94564287","False","0","False","False","","not specified"
"2026-09-12T10:09:36.2572507Z","94237143","True","39","False","False","","not specified"
"2026-09-12T10:10:45.7026079Z","94560815","False","0","False","True","","ASAP"
"2026-09-12T10:12:23.0049644Z","94547119","False","0","False","False","","not specified"
"2026-09-12T10:12:40.7413854Z","94545697","True","38","False","False","","not specified"
"2026-09-12T13:52:17.1469680Z","94576804","True","6","False","False","","not specified"
"2026-09-12T13:54:34.4318925Z","94572982","False","0","False","False","","not specified"
"2026-09-12T13:59:16.9936459Z","94563635","True","12","False","False","","not specified"
"2026-09-12T13:59:36.3685830Z","94562699","True","6","True","False","","not specified"
"2026-09-12T14:00:54.3556594Z","94556518","True","0","False","False","","not specified"
"2026-09-12T14:01:35.3273845Z","94549602","False","0","False","False","","not specified"
"2026-09-12T16:44:51.2988777Z","94576438","True","6","False","False","","not specified"
"2026-09-12T16:49:18.6665261Z","94568367","True","6","False","True","","not specified"
"2026-09-12T16:51:07.1281605Z","94561883","False","0","False","False","","not specified"
"2026-09-12T16:53:04.9850575Z","94546163","True","0","True","False","","not specified"
"2026-09-12T16:53:46.2093279Z","94544712","True","12","True","False","","not specified"
"2026-09-12T18:56:06.3130552Z","94580313","False","0","False","False","","not specified"
"2026-09-12T18:57:48.0896714Z","94574672","True","52","False","False","","not specified"
"2026-09-12T21:14:56.9927898Z","94572747","True","9","True","True","","June 30th 2027"
"2026-09-12T23:42:28.4750090Z","94585305","True","12","True","True","2026-10-12","Monday, 12th October 2026"
"2026-09-12T23:43:05.2569199Z","94579607","True","36","True","False","","not specified"
"2026-09-12T23:44:24.6196517Z","94574757","True","3","False","True","","Immediate Start"
"2026-09-13T03:03:22.5046476Z","94574174","True","12","True","True","","IMMEDIATE"
"2026-09-13T03:06:54.3164775Z","94565980","True","18","False","False","","not specified"
"2026-09-13T03:08:11.1418141Z","94561832","True","72","True","False","","not specified"
"2026-09-13T03:08:47.1813088Z","94419627","False","0","False","False","","not specified"
"2026-09-13T03:09:50.6714472Z","94548518","False","0","False","False","","not specified"
"2026-09-13T13:40:27.5374718Z","94573684","True","6","False","True","2023-11-01","early November"
"2026-09-13T13:41:45.3044411Z","94571610","True","1","False","True","2024-09-22","end of September"
"2026-09-13T13:43:34.0145975Z","94567408","True","18","False","True","2026-10-07","2026-10-07"
"2026-09-13T13:45:08.1181383Z","94561726","True","6","True","True","","within two weeks"
"2026-09-13T13:46:07.3678249Z","94549647","False","0","False","False","","not specified"
"2026-09-13T13:47:07.1821303Z","94544758","True","3","True","False","","not specified"
"2026-09-13T17:13:52.6433561Z","94595205","True","6","False","True","","Immediate Start"
"2026-09-13T17:14:11.3428589Z","94585086","True","6","False","False","","not specified"
"2026-09-13T17:14:16.5643943Z","94584260","False","0","False","False","","not specified"
"2026-09-13T17:18:34.0180231Z","94570543","True","6","True","False","","not specified"
"2026-09-13T17:18:44.2787008Z","94570541","True","12","False","False","","not specified"
"2026-09-13T17:21:51.7212447Z","94550085","True","6","False","False","","not specified"
"2026-09-13T17:21:56.8640738Z","94549406","False","0","False","False","","not specified"
"2026-09-13T20:16:27.3031923Z","94597353","False","0","False","False","","not specified"
"2026-09-13T20:20:50.7007466Z","94570866","False","0","False","True","","IMMEDIATE START"
"2026-09-13T20:21:23.5204996Z","94484801","False","0","False","False","","not specified"
"2026-09-13T22:50:47.9968065Z","94495683","False","0","False","False","","not specified"
"2026-09-13T22:51:11.3919180Z","94588916","True","0","True","False","","not specified"
"2026-09-13T22:51:33.5363711Z","94580856","True","10","True","True","","Immediately"
"2026-09-13T22:52:09.0757737Z","94576847","True","37","False","True","","immediate start"
"2026-09-13T22:54:42.3635491Z","94571526","True","6","True","True","","immediately"
"2026-09-13T22:58:44.7091916Z","94545821","False","0","False","False","","not specified"
"2026-09-13T22:58:51.4438035Z","94545671","True","12","True","True","2026-10-19","Monday, 19 October 2026"
"2026-09-14T00:44:38.2601928Z","94573559","False","0","False","False","","not specified"
"2026-09-14T00:44:43.3013811Z","94573497","True","12","True","True","2024-01-01","immediately"
"2026-09-14T00:45:32.3900856Z","94571620","False","0","False","False","","not specified"
"2026-09-14T05:45:30.4845199Z","94612052","False","0","False","False","","not specified"
"2026-09-14T05:47:54.6086634Z","94605051","False","0","False","False","","not specified"
"2026-09-14T05:47:59.7703810Z","94605016","False","0","False","False","","not specified"
"2026-09-14T05:50:12.0620081Z","94600215","True","3","False","False","","not specified"
"2026-09-14T11:44:00.0099485Z","94618782","True","12","True","True","","within the next few weeks"
"2026-09-14T11:48:59.0213380Z","94604494","True","28","False","False","","not specified"
"2026-09-14T11:50:22.5628830Z","94601779","False","0","False","False","","not specified"
"2026-09-14T11:51:32.8770902Z","94598430","True","12","True","False","","not specified"
"2026-09-14T11:51:46.5144703Z","94586002","True","5","True","False","","not specified"
"2026-09-14T11:52:22.7394270Z","94578052","True","8","False","True","2026-10-26","26 October 2026"
"2026-09-14T11:54:00.1548740Z","94573685","True","24","False","False","","not specified"
"2026-09-14T17:39:18.2978763Z","94622100","True","24","False","False","","not specified"
"2026-09-14T17:39:37.0409380Z","94618627","True","12","True","False","","not specified"
"2026-09-14T17:40:12.8169603Z","94617025","True","12","False","True","","Immediate interviews available"
"2026-09-14T17:41:53.2997765Z","94612590","True","6","True","False","","not specified"
"2026-09-14T17:42:33.2886742Z","94611652","True","6","True","False","","not specified"
"2026-09-14T17:42:52.3162155Z","94610352","True","39","False","False","","not specified"
"2026-09-14T17:45:47.5375248Z","94602933","True","6","False","True","","Immediate start"
"2026-09-14T17:48:07.5673278Z","94576100","True","12","True","False","","not specified"
"2026-09-14T17:48:56.1065379Z","94574446","False","0","False","False","","not specified"
"2026-09-15T00:15:47.0620606Z","94627450","True","36","False","False","","not specified"
"2026-09-15T00:17:05.2341798Z","94615896","True","12","False","False","","not specified"
"2026-09-15T00:21:38.7679258Z","94603335","False","0","False","False","","not specified"
"2026-09-15T00:22:02.1748269Z","94602942","True","16","True","False","","not specified"
"2026-09-15T05:47:06.2218802Z","94638690","True","30","False","True","2024-07-01","Immediate start"
"2026-09-15T05:47:11.5849827Z","94638271","True","12","False","False","","not specified"
"2026-09-15T05:50:42.3485972Z","94628650","True","37","False","True","2024-07-01","Asap"
"2026-09-15T05:52:34.4141796Z","94616107","True","21","True","False","","not specified"
"2026-09-15T11:02:36.1801742Z","94643455","False","0","False","False","","not specified"
"2026-09-15T11:08:26.3188412Z","94627500","True","54","False","False","","not specified"
"2026-09-15T11:12:05.1743126Z","94607579","True","12","True","False","","not specified"
"2026-09-15T11:12:19.2949404Z","94607041","True","12","False","False","","not specified"
"2026-09-15T11:13:30.7506174Z","94604324","True","6","True","False","","not specified"
"2026-09-15T11:14:58.2138710Z","94600472","False","0","False","True","","not specified"
"2026-09-15T16:12:37.8099277Z","94645467","False","0","False","False","","not specified"
"2026-09-15T16:12:52.5769332Z","94644949","True","12","False","False","","not specified"
"2026-09-15T16:15:20.1709786Z","94636327","True","3","False","False","","not specified"
"2026-09-15T16:17:29.1333936Z","94629936","True","0","True","False","","not specified"
"2026-09-15T16:19:42.3292874Z","94617593","False","0","False","False","","not specified"
"2026-09-15T16:20:01.3386679Z","94538652","True","12","False","False","","not specified"
"2026-09-15T19:58:38.5985517Z","94647437","True","12","True","True","","flexibility around daily start and finish times"
"2026-09-15T20:01:47.1186904Z","94377380","False","0","False","False","","not specified"
"2026-09-15T20:03:12.5723966Z","94630778","True","6","True","False","","not specified"
"2026-09-15T20:05:05.3394979Z","94627841","True","3","False","True","","ASAP"
"2026-09-15T20:06:14.9992420Z","94616766","True","12","True","False","","not specified"
"2026-09-15T20:07:49.9658596Z","94611405","True","12","False","False","","not specified"
"2026-09-15T20:09:47.4346789Z","94481867","False","0","False","False","","not specified"
"2026-09-15T20:10:01.8492344Z","94604165","True","6","True","False","","not specified"
"2026-09-15T22:47:14.1809329Z","94654864","True","6","True","False","","not specified"
"2026-09-15T22:47:24.2342225Z","94651578","True","6","False","False","","not specified"
"2026-09-15T22:47:47.3636700Z","94647160","True","6","False","True","2026-10-05","5 October 2026"
"2026-09-16T01:03:35.8305858Z","94659334","True","6","False","False","","not specified"
"2026-09-16T01:03:44.9799360Z","94659280","True","36","False","False","","not specified"
"2026-09-16T01:03:54.7455154Z","94659021","False","0","False","False","","not specified"
"2026-09-16T01:04:18.9333665Z","94658509","False","0","False","False","","not specified"
"2026-09-16T01:05:04.5208454Z","94656772","True","12","False","False","","not specified"
"2026-09-16T07:11:06.6143270Z","94670186","False","0","False","False","","not specified"
"2026-09-16T07:11:20.5907563Z","94669837","True","8","False","False","","not specified"
"2026-09-16T07:13:30.4690262Z","94665662","True","12","True","False","","not specified"
"2026-09-16T07:13:57.7441690Z","94664733","True","30","False","False","","not specified"
"2026-09-16T07:19:07.0888108Z","94642640","False","0","False","False","","not specified"
"2026-09-16T07:20:38.0532885Z","94635751","True","12","False","False","","not specified"
"2026-09-16T07:21:01.0347956Z","94633987","False","0","False","False","","not specified"
"2026-09-16T13:05:21.2869225Z","94673648","True","24","True","False","","not specified"
"2026-09-16T13:06:37.1115099Z","94509809","True","12","True","False","","not specified"
"2026-09-16T13:07:06.9737661Z","94671781","True","6","True","False","","not specified"
"2026-09-16T13:12:21.1834857Z","94658822","True","12","True","False","","not specified"
"2026-09-16T13:12:35.9418286Z","94658690","True","6","False","False","","not specified"
"2026-09-16T13:16:54.7464012Z","94639849","True","12","True","False","","not specified"
"2026-09-16T13:17:13.5646725Z","94637951","True","6","True","False","","not specified"
"2026-09-16T13:18:58.2005102Z","94648200","False","0","False","False","","not specified"
"2026-09-16T18:01:12.7897798Z","94666034","False","0","False","False","","not specified"
"2026-09-16T18:03:17.3718994Z","94659393","True","24","True","False","","not specified"
"2026-09-16T18:04:48.3148893Z","94652603","False","0","False","False","","not specified"
"2026-09-16T18:05:39.0441800Z","94646816","True","37","False","False","","not specified"
"2026-09-16T18:08:02.7551136Z","94637049","False","0","False","False","","not specified"
"2026-09-16T18:08:19.6810713Z","94636588","False","0","False","False","","not specified"
"2026-09-16T20:56:41.2231127Z","94672981","False","0","False","False","","not specified"
"2026-09-16T20:57:13.4840885Z","94672201","True","36","True","False","","not specified"
"2026-09-16T20:59:26.9018531Z","94666825","True","18","False","False","","not specified"
"2026-09-16T21:02:54.9319445Z","94657843","True","18","True","False","","not specified"
"2026-09-16T23:32:09.7333321Z","94684287","True","18","False","False","","not specified"
"2026-09-16T23:32:41.0171933Z","94682889","False","0","False","False","","not specified"
"2026-09-16T23:33:30.7562011Z","94674887","True","12","True","False","","not specified"
"2026-09-16T23:42:53.2044117Z","94641306","True","12","True","False","","not specified"
"2026-09-17T03:19:14.9479246Z","94687645","False","0","False","False","","not specified"
"2026-09-17T03:23:12.1207725Z","94673597","True","24","True","False","","not specified"
"2026-09-17T03:23:58.3269547Z","94672469","False","0","False","False","","not specified"
"2026-09-17T03:24:14.3024733Z","94672204","True","24","True","False","","not specified"
"2026-09-17T09:11:31.8073375Z","94700598","True","12","False","False","","not specified"
"2026-09-17T09:12:26.6209114Z","94698526","True","12","True","False","","not specified"
"2026-09-17T09:15:35.9954368Z","94689493","True","39","True","False","","not specified"
"2026-09-17T09:15:50.3315701Z","94688566","True","12","False","False","","not specified"
"2026-09-17T09:20:10.9722211Z","94673452","False","0","False","True","","ASAP"
"2026-09-17T09:20:29.7565927Z","94673269","True","12","True","False","","not specified"
"2026-09-17T09:20:44.0164306Z","94672572","False","0","False","True","","immediately"
"2026-09-17T09:24:19.5793863Z","94663088","False","0","False","False","","not specified"
"2026-09-17T09:24:47.1230123Z","94661203","False","0","False","False","","not specified"
"2026-09-17T14:41:54.1631552Z","94697985","True","6","True","False","","not specified"
"2026-09-17T14:41:59.4614841Z","94697884","True","36","True","False","","not specified"
"2026-09-17T14:42:11.3115612Z","94697596","True","3","True","False","","not specified"
"2026-09-17T14:47:42.9981858Z","94684672","True","9","False","False","","not specified"
"2026-09-17T14:48:42.4226046Z","94693699","True","12","True","True","2026-10-05","05 Oct 2026"
"2026-09-17T14:49:29.2322942Z","94087715","True","36","True","True","2026-09-01","late September 2026"
"2026-09-17T14:52:20.1645983Z","94667611","True","36","True","False","","not specified"
"2026-09-17T18:48:07.3839730Z","94705200","False","0","False","False","","not specified"
"2026-09-17T18:49:27.2411874Z","94700486","False","0","False","False","","not specified"
"2026-09-17T18:49:42.1184810Z","94700432","True","24","True","True","","immediately"
"2026-09-17T18:51:33.6974347Z","94696050","True","10","False","False","","not specified"
"2026-09-17T18:52:34.8980878Z","94693294","True","0","True","False","","not specified"
"2026-09-17T18:53:44.2982035Z","94688224","False","0","False","False","","not specified"
"2026-09-17T18:53:58.6166276Z","94687442","False","0","False","False","","not specified"
"2026-09-17T18:56:36.1763202Z","94684168","False","0","False","False","","not specified"
"2026-09-17T19:00:56.0001786Z","94667266","True","12","False","False","","not specified"
"2026-09-17T21:56:00.0952211Z","94700483","False","0","False","False","","not specified"
"2026-09-17T22:00:23.1414339Z","94686202","True","0","True","False","","not specified"
"2026-09-17T22:01:36.4263679Z","94685032","True","12","True","False","","not specified"
"2026-09-17T22:01:55.4379220Z","94707575","True","12","False","False","","not specified"
"2026-09-17T23:54:17.0518756Z","94711664","False","0","False","False","","not specified"
"2026-09-17T23:54:53.6536173Z","94536332","False","0","False","False","","not specified"
"2026-09-17T23:54:58.7732006Z","94711415","False","0","False","False","","not specified"
"2026-09-17T23:55:19.5028396Z","94704757","True","3","True","True","","immediately"
"2026-09-18T00:00:30.1282299Z","94686544","True","6","False","True","","IMMEDIATE"
"2026-09-18T00:00:52.1042170Z","94686168","True","12","True","False","","not specified"
"2026-09-18T03:05:11.7738507Z","94717248","True","12","True","False","","not specified"
"2026-09-18T03:07:06.8791261Z","94711776","True","12","True","False","","not specified"
"2026-09-18T03:08:21.2012163Z","94711663","False","0","False","False","","not specified"
"2026-09-18T08:44:11.8114418Z","94728227","True","6","True","False","","not specified"
"2026-09-18T08:44:47.7871796Z","94727712","False","0","False","False","","not specified"
"2026-09-18T08:45:19.5060069Z","94727287","False","0","False","True","","Immediately"
"2026-09-18T08:45:24.6943675Z","94727466","False","0","False","False","","not specified"
"2026-09-18T08:47:23.9924895Z","94723921","True","6","False","False","","not specified"
"2026-09-18T08:51:35.3450818Z","94711778","False","0","False","False","","not specified"
"2026-09-18T08:54:15.4781524Z","94699485","True","36","True","False","","not specified"
"2026-09-18T08:54:29.7646779Z","94697463","True","38","False","True","","ASAP"
"2026-09-18T08:55:23.7410641Z","94696114","True","8","False","False","","not specified"
"2026-09-18T13:23:00.5308913Z","94727986","False","0","False","False","","not specified"
"2026-09-18T13:24:21.1999757Z","94726121","True","12","True","False","","not specified"
"2026-09-18T13:25:10.1309863Z","94725251","True","12","False","False","","not specified"
"2026-09-18T13:26:31.3564753Z","94721998","True","6","True","False","","not specified"
"2026-09-18T13:27:03.2081899Z","94719815","True","6","True","False","","not specified"
"2026-09-18T13:32:30.6034113Z","94700348","False","0","False","True","","prior to commencement"
"2026-09-18T13:32:54.1122083Z","94699511","True","25","False","True","2027-06-01","June 2027"
"2026-09-18T13:34:10.4959373Z","94695679","False","0","False","False","","not specified"
"2026-09-18T13:34:47.3716875Z","94694101","False","0","False","False","","not specified"
"2026-09-18T17:29:30.3490639Z","94727841","False","0","False","False","","not specified"
"2026-09-18T17:30:56.0138723Z","94725781","True","39","False","False","","not specified"
"2026-09-18T17:31:33.6251461Z","94724750","True","30","False","True","","ASAP"
"2026-09-18T17:31:44.8361387Z","94724683","False","0","False","False","","not specified"
"2026-09-18T17:32:47.9619480Z","94720975","False","0","False","False","","not specified"
"2026-09-18T17:32:53.1498580Z","94720642","False","0","False","False","","not specified"
"2026-09-18T20:23:24.9781388Z","94727678","True","6","True","False","","not specified"
"2026-09-18T20:27:09.3433798Z","94717001","False","0","False","False","","not specified"
"2026-09-18T20:28:17.8670028Z","94714526","True","6","True","True","","ASAP"
"2026-09-18T20:29:36.9103483Z","94711673","False","0","False","False","","not specified"
"2026-09-18T23:00:12.4701828Z","94730347","True","6","False","False","","not specified"
"2026-09-18T23:02:09.9698191Z","94725802","True","6","True","False","","not specified"
"2026-09-18T23:04:08.5978315Z","94719311","True","12","False","False","","not specified"
"2026-09-18T23:07:05.3336414Z","94711676","False","0","False","False","","not specified"
"2026-09-19T01:07:07.0772040Z","94728014","False","0","False","False","","not specified"
"2026-09-19T01:09:14.0257188Z","94724058","False","0","False","False","","not specified"
"2026-09-19T07:00:04.6431573Z","94743149","True","12","False","False","","not specified"
"2026-09-19T07:00:10.0181554Z","94743139","True","12","False","False","","not specified"
"2026-09-19T07:02:30.1296371Z","94725936","True","9","True","False","","not specified"
"2026-09-19T07:03:24.3407758Z","94724089","False","0","False","False","","not specified"
"2026-09-19T07:03:47.6290842Z","94722216","False","0","False","False","","not specified"
"2026-09-19T07:06:49.3243029Z","94712773","True","9","False","True","2026-10-26","26th October, 2026"
"2026-09-19T07:08:01.2568013Z","94723284","False","0","False","False","","not specified"
"2026-09-19T07:10:17.1512270Z","94696748","True","12","True","False","","not specified"
"2026-09-19T07:10:55.3195670Z","94696150","False","0","False","False","","not specified"
"2026-09-19T07:11:13.8866776Z","94695311","False","0","False","False","","not specified"
"2026-09-19T07:11:19.2650670Z","94695003","True","12","False","False","","not specified"
"2026-09-19T07:11:46.4768944Z","94693245","False","0","False","False","","not specified"
"2026-09-19T07:12:00.5963624Z","94692219","True","36","True","False","","not specified"
"2026-09-19T11:53:53.1273584Z","94736211","False","0","False","False","","not specified"
"2026-09-19T11:54:20.0439224Z","94729163","True","8","True","True","","ASAP"
"2026-09-19T11:55:22.1914630Z","94727434","False","0","False","False","","not specified"
"2026-09-19T11:59:23.3584091Z","94713791","True","12","False","False","","not specified"
"2026-09-19T15:20:01.8318839Z","94727931","True","3","False","False","","not specified"
"2026-09-19T15:20:24.8582233Z","94727505","True","12","True","False","","not specified"
"2026-09-19T15:21:15.7975432Z","94725408","True","39","False","False","","not specified"
"2026-09-19T15:21:48.8174591Z","94723675","True","0","False","False","","not specified"
"2026-09-19T15:28:42.4268044Z","94695319","True","12","False","False","","not specified"
"2026-09-19T18:25:40.0603333Z","94727500","False","0","True","True","","now or coming free soon"
"2026-09-19T18:26:03.9087808Z","94727085","True","9","True","True","2026-10-12","12 October 2026"
"2026-09-19T21:19:03.9612714Z","94723122","False","0","False","False","","not specified"
"2026-09-19T21:19:55.0343369Z","94718592","False","0","False","False","","not specified"
"2026-09-19T23:52:41.4174222Z","94745326","True","6","True","False","","not specified"
"2026-09-19T23:55:19.7276574Z","94739013","True","12","True","False","","not specified"
"2026-09-19T23:59:03.7245461Z","94706502","True","12","True","False","","not specified"
"2026-09-20T03:16:51.6560246Z","94750717","True","36","False","False","","not specified"
"2026-09-20T03:17:24.2916511Z","94734041","True","12","True","False","","not specified"
"2026-09-20T09:02:27.4524735Z","94751499","True","36","False","False","","not specified"
"2026-09-20T09:02:50.4113876Z","94741055","True","9","True","False","","not specified"
"2026-09-20T09:03:35.9500363Z","94727921","False","0","False","False","","not specified"
"2026-09-20T09:04:03.9634733Z","94727326","False","0","False","False","","not specified"
"2026-09-20T09:06:36.1035722Z","94729956","True","12","True","False","","not specified"
"2026-09-20T09:06:41.1683903Z","94715598","False","0","False","False","","not specified"
"2026-09-20T09:06:51.2467120Z","94715501","False","0","False","False","","not specified"
"2026-09-20T09:07:10.2664192Z","94714714","False","0","False","True","","as soon as possible"
"2026-09-20T13:55:35.0313786Z","94728860","True","12","True","True","2024-12-01","early December"
"2026-09-20T13:57:59.2266951Z","94724729","False","0","False","False","","not specified"
"2026-09-20T14:01:09.1309075Z","94711670","False","0","False","False","","not specified"
"2026-09-20T14:03:06.0420144Z","94699855","False","0","False","False","","not specified"
"2026-09-20T14:04:01.0903706Z","94696507","False","0","False","False","","not specified"
"2026-09-20T14:04:23.8575083Z","94694817","False","0","False","False","","not specified"
"2026-09-20T17:18:52.7275973Z","94726292","True","6","True","True","","Immediate interview process"
"2026-09-20T17:20:08.6416586Z","94720023","True","12","False","False","","not specified"
"2026-09-20T17:20:19.7876810Z","94718994","True","24","True","False","","not specified"
"2026-09-20T17:22:48.0730765Z","94711655","False","0","False","False","","not specified"
"2026-09-20T20:19:34.4516718Z","94723281","False","0","False","False","","not specified"
"2026-09-20T20:22:06.5496625Z","94712474","False","0","False","False","","not specified"
"2026-09-20T20:23:44.1380054Z","94701232","True","12","True","False","","not specified"
"2026-09-20T20:24:25.6181945Z","94697413","True","9","False","False","","not specified"
"2026-09-20T23:04:09.3822844Z","94659392","True","6","False","False","","not specified"
"2026-09-21T00:54:00.9281510Z","94750722","False","0","False","True","","immediately"
"2026-09-21T00:55:27.1215049Z","94727155","False","0","False","False","","not specified"
"2026-09-21T00:57:47.2494421Z","94714719","False","0","False","False","","not specified"
"2026-09-21T05:54:50.2994655Z","94759935","False","0","False","False","","not specified"
"2026-09-21T05:59:41.0188080Z","94717193","True","6","True","False","","not specified"
"2026-09-21T06:00:46.4052536Z","94713940","True","9","True","True","","ASAP"
"2026-09-21T11:57:24.5307636Z","94771683","True","12","True","False","","not specified"
"2026-09-21T11:57:38.8698542Z","94771518","True","6","False","False","","not specified"
"2026-09-21T11:59:11.3551453Z","94768510","False","0","False","False","","not specified"
"2026-09-21T11:59:47.0579640Z","94767571","False","0","False","False","","not specified"
"2026-09-21T12:00:05.3397423Z","94765814","True","12","True","True","2026-10-01","early October 2026"
"2026-09-21T12:05:17.0294580Z","94721209","True","24","True","False","","not specified"
"2026-09-21T12:05:35.7205419Z","94718049","True","6","True","False","","not specified"
"2026-09-21T12:06:15.6183018Z","94729965","True","12","True","False","","not specified"
"2026-09-21T17:54:46.4946368Z","94774168","False","0","False","False","","not specified"
"2026-09-21T18:03:57.8323537Z","94721683","False","0","False","False","","not specified"
"2026-09-21T21:43:06.4371712Z","94771355","False","0","False","False","","not specified"
"2026-09-21T21:43:51.8621764Z","94769205","False","0","False","False","","not specified"
"2026-09-21T21:44:06.2811696Z","94769012","True","6","True","False","","not specified"
"2026-09-21T21:49:00.6727031Z","94729132","True","12","False","True","2026-10-01","October 2026"
"2026-09-21T21:49:05.9376114Z","94728910","False","0","False","False","","not specified"
"2026-09-21T21:49:55.0558416Z","94725792","True","24","True","False","","not specified"
"2026-09-21T21:50:04.5968060Z","94725437","True","0","False","False","","not specified"
"2026-09-21T21:51:18.4376255Z","94716585","True","2","True","True","2026-10-06","Oct 2026"
"2026-09-22T00:35:43.5757541Z","94783872","True","6","True","False","","not specified"
"2026-09-22T00:37:11.5138891Z","94772092","True","36","True","True","","ASAP"
"2026-09-22T00:37:38.7999005Z","94771515","True","6","False","False","","not specified"
"2026-09-22T00:39:24.8464169Z","94766835","False","0","False","False","","not specified"
"2026-09-22T00:40:48.8985700Z","94758474","True","12","True","True","2026-12-01","December 2026"
"2026-09-22T05:50:45.9032866Z","94793920","True","37","False","False","","not specified"
"2026-09-22T05:54:54.5129609Z","94778703","True","5","False","False","","not specified"
"2026-09-22T05:55:44.0426947Z","94772384","False","0","False","False","","not specified"
"2026-09-22T05:56:19.4184622Z","94771238","False","0","False","False","","not specified"
"2026-09-22T10:56:18.8616331Z","94801680","True","12","True","True","","ASAP"
"2026-09-22T10:59:54.6041505Z","94792125","True","24","True","False","","not specified"
"2026-09-22T11:00:23.1351882Z","94790296","False","0","False","False","","not specified"
"2026-09-22T11:02:52.8508223Z","94784623","True","7","True","False","","not specified"
"2026-09-22T11:05:19.5275656Z","94769510","False","0","False","False","","not specified"
"2026-09-22T11:08:28.5927903Z","94757610","True","36","False","False","","not specified"
"2026-09-22T11:09:00.9061689Z","94756010","False","0","False","False","","not specified"
"2026-09-22T15:25:36.3988196Z","94801915","False","0","False","False","","not specified"
"2026-09-22T15:27:12.4503185Z","94798766","False","0","False","False","","not specified"
"2026-09-22T15:31:05.2402616Z","94785689","False","0","False","False","","not specified"
"2026-09-22T15:33:02.0576939Z","94777315","True","6","True","False","","not specified"
"2026-09-22T15:34:00.5678381Z","94771520","True","6","False","False","","not specified"
"2026-09-22T15:35:45.2027686Z","94767583","True","12","False","False","","not specified"
"2026-09-22T15:37:27.5305482Z","94760294","True","2","False","False","","not specified"
"2026-09-22T19:33:09.5710233Z","94804235","True","6","True","False","","not specified"
"2026-09-22T19:33:33.4121494Z","94801865","True","12","False","False","","not specified"
"2026-09-22T19:33:38.5103103Z","94801661","False","0","False","False","","not specified"
"2026-09-22T19:37:11.5114113Z","94790976","True","36","False","False","","not specified"
"2026-09-22T19:38:40.5059821Z","94785931","False","0","False","False","","not specified"
"2026-09-22T19:42:01.3170383Z","94769552","True","39","True","True","2026-11-01","early November 2026"
"2026-09-22T22:42:56.3569118Z","94810195","True","12","True","False","","not specified"
"2026-09-22T22:43:41.7788728Z","94801524","True","12","True","True","","ASAP"
"2026-09-22T22:44:23.1788235Z","94800819","True","6","True","True","","ASAP"
"2026-09-22T22:44:50.6171276Z","94799736","False","0","False","False","","not specified"
"2026-09-22T22:51:52.5420859Z","94770595","True","6","False","True","","immediately"
"2026-09-23T01:14:03.7873247Z","94815024","True","6","True","False","","not specified"
"2026-09-23T01:15:28.6612784Z","94802093","True","12","False","False","","not specified"
"2026-09-23T01:17:06.1959356Z","94797887","True","6","True","True","","immediately"
"2026-09-23T01:17:19.4759962Z","94797568","False","0","False","False","","not specified"
"2026-09-23T07:19:14.8892777Z","94827593","False","0","False","False","","not specified"
"2026-09-23T07:19:51.0694978Z","94825334","True","5","False","False","","not specified"
"2026-09-23T07:20:39.7725123Z","94822183","False","0","False","False","","not specified"
"2026-09-23T07:20:53.5723592Z","94821071","True","5","False","False","","not specified"
"2026-09-23T07:21:43.1251667Z","94819398","False","0","False","False","","not specified"
"2026-09-23T07:22:28.1554828Z","94817717","False","0","False","False","","not specified"
"2026-09-23T07:24:19.5974905Z","94809946","True","72","False","False","","not specified"
"2026-09-23T07:28:23.5957186Z","94789308","True","12","True","False","","not specified"
"2026-09-23T07:30:35.6394161Z","94784173","False","0","False","False","","not specified"
"2026-09-23T13:20:26.8586449Z","94831427","False","0","False","False","","not specified"
"2026-09-23T13:23:30.1592389Z","94823311","False","0","False","False","","not specified"
"2026-09-23T13:24:09.1666994Z","94835870","False","0","False","False","","not specified"
"2026-09-23T13:28:39.8782191Z","94800328","False","0","False","False","","not specified"
"2026-09-23T13:31:03.2129142Z","94804636","True","3","True","True","","immediately"
"2026-09-23T13:32:13.4681854Z","94785787","False","0","False","False","","not specified"
"2026-09-23T13:32:35.9579999Z","94785206","True","6","False","True","","ASAP"
"2026-09-23T18:14:23.8017825Z","94837674","False","0","False","False","","not specified"
"2026-09-23T18:18:10.2720960Z","94824182","False","0","False","False","","not specified"
"2026-09-23T18:20:02.7168773Z","94818068","True","12","False","False","","not specified"
"2026-09-23T18:20:30.1645878Z","94816525","False","0","False","False","","not specified"
"2026-09-23T18:21:47.3632471Z","94813043","False","0","False","False","","not specified"
"2026-09-23T18:23:31.1803772Z","94800228","True","36","True","False","","not specified"
"2026-09-23T22:01:37.0615053Z","94837565","False","0","False","False","","not specified"
"2026-09-23T22:02:07.2670575Z","94835621","True","15","True","True","2024-09-23","September 2024"
"2026-09-24T01:04:53.3081986Z","94833858","False","0","False","False","","not specified"
"2026-09-24T01:08:02.0160968Z","94823218","False","0","False","False","","not specified"
"2026-09-24T01:11:40.6592832Z","94808972","True","6","True","True","","ASAP"
"2026-09-24T07:09:55.3969168Z","94853519","True","42","False","False","","not specified"
"2026-09-24T07:10:31.0378023Z","94852283","True","24","True","True","2024-06-17","ASAP"
"2026-09-24T07:11:38.6295813Z","94848608","True","6","True","True","","immediately"
"2026-09-24T07:14:18.4106709Z","94819358","False","0","False","False","","not specified"
"2026-09-24T07:14:23.5931146Z","94842034","True","24","False","False","","not specified"
"2026-09-24T07:15:24.5868315Z","94837777","False","0","False","False","","not specified"
"2026-09-24T07:16:05.0828252Z","94834625","True","12","False","False","","not specified"
"2026-09-24T07:17:31.2869221Z","94829595","False","0","False","False","","not specified"
"2026-09-24T07:18:11.8211707Z","94828092","True","12","False","False","","not specified"
"2026-09-24T13:09:56.6052017Z","94857726","False","0","False","False","","not specified"
"2026-09-24T13:11:19.9914953Z","94853824","True","6","True","False","","not specified"
"2026-09-24T13:14:01.9140169Z","94845240","True","37","True","False","","not specified"
"2026-09-24T13:15:31.2161759Z","94843164","False","0","False","False","","not specified"
"2026-09-24T13:16:41.5006643Z","94841386","False","0","False","False","","not specified"
"2026-09-24T13:18:42.0713359Z","94830604","False","0","False","False","","not specified"
"2026-09-24T13:20:27.4912152Z","94824710","True","4","False","True","","immediate start"
"2026-09-24T13:21:10.0489620Z","94820944","True","24","False","False","","not specified"
"2026-09-24T18:10:08.5596001Z","94856507","False","0","False","False","","not specified"
"2026-09-24T18:11:29.9402741Z","94853789","True","6","True","True","2024-10-01","October"
"2026-09-24T18:14:12.7225712Z","94845345","True","12","False","False","","not specified"
"2026-09-24T18:14:58.8062374Z","94576881","True","6","True","False","","not specified"
"2026-09-24T18:17:38.7672253Z","94831422","False","0","False","False","","not specified"
"2026-09-24T21:59:01.5104099Z","94853207","True","0","False","False","","not specified"
"2026-09-24T21:59:23.6729361Z","94852084","True","12","True","True","2026-11-01","November 2026"
"2026-09-24T22:04:35.6833265Z","94830899","False","0","False","False","","not specified"
"2026-09-25T00:19:36.5852905Z","94856313","True","6","False","False","","not specified"
"2026-09-25T00:20:35.5897749Z","94854016","True","9","False","False","","not specified"
"2026-09-25T11:08:11.3876617Z","94874441","True","12","False","True","","Flexible start & finish times"
"2026-09-25T11:08:16.4526201Z","94872898","False","0","False","False","","not specified"
"2026-09-25T11:09:25.7432538Z","94644426","False","0","True","False","","not specified"
"2026-09-25T11:10:42.6257885Z","94863131","True","6","True","False","","not specified"
"2026-09-25T11:13:34.9063317Z","94851795","True","0","True","False","","not specified"
"2026-09-25T11:15:56.6354736Z","94842963","True","36","True","True","","ASAP"
"2026-09-25T16:29:15.9540962Z","94881950","True","9","True","False","","not specified"
"2026-09-25T16:35:05.1086250Z","94855068","False","0","False","False","","not specified"
"2026-09-25T16:35:32.9141696Z","94854354","False","0","False","False","","not specified"
"2026-09-25T20:13:59.4431631Z","94890839","False","0","False","False","","not specified"
"2026-09-25T20:15:32.4599629Z","94478118","False","0","False","False","","not specified"
"2026-09-25T20:18:24.2210883Z","94870129","False","0","False","False","","not specified"
"2026-09-25T20:19:47.2684943Z","94864375","False","0","False","False","","not specified"
"2026-09-25T20:22:52.5404722Z","94851347","False","0","False","False","","not specified"
"2026-09-25T20:23:07.4256862Z","94849059","True","36","True","False","","not specified"
"2026-09-25T20:24:09.1373623Z","94844792","True","12","True","False","","not specified"
"2026-09-25T20:24:46.7338852Z","94843851","True","15","False","False","","not specified"
"2026-09-25T20:25:19.8856372Z","94842605","True","24","False","False","","not specified"
"2026-09-25T20:25:29.7699695Z","94842379","False","0","False","False","","not specified"
"2026-09-25T20:26:54.3124697Z","94835954","False","0","False","False","","not specified"
"2026-09-25T23:48:01.8555783Z","94881990","False","0","False","False","","not specified"
"2026-09-25T23:48:38.3448199Z","94880648","False","0","False","False","","not specified"
"2026-09-25T23:50:51.2394167Z","94871244","True","0","False","False","","not specified"
"2026-09-25T23:51:58.5502520Z","94868407","True","6","False","False","","not specified"
"2026-09-26T03:24:10.1889363Z","94889755","True","6","True","False","","not specified"
"2026-09-26T03:25:03.9592686Z","94881547","False","0","False","False","","not specified"
"2026-09-26T03:26:25.1892497Z","94878772","False","0","False","False","","not specified"
"2026-09-26T03:28:40.6385638Z","94868551","True","6","False","False","","not specified"
"2026-09-26T03:30:52.5557352Z","94854845","False","0","False","False","","not specified"
"2026-09-26T03:31:30.0583368Z","94853289","True","54","False","False","","not specified"
"2026-09-26T09:04:38.5538196Z","94882699","True","4","True","False","","not specified"
"2026-09-26T09:04:52.5962790Z","94882185","False","0","False","False","","not specified"
"2026-09-26T09:05:17.2027715Z","94880776","True","30","True","False","","not specified"
"2026-09-26T09:08:08.2800450Z","94869186","True","24","False","False","","not specified"
"2026-09-26T09:09:41.4028758Z","94857951","False","0","True","False","","not specified"
"2026-09-26T09:10:00.3347090Z","94855970","True","8","False","True","","ASAP"
"2026-09-26T09:11:23.0249782Z","94852386","True","12","False","False","","not specified"
"2026-09-26T09:12:06.1218139Z","94849282","True","2","False","False","","not specified"
"2026-09-26T09:12:15.9519530Z","94848841","True","36","True","False","","not specified"
"2026-09-26T09:13:07.3245549Z","94844773","True","24","False","False","","not specified"
"2026-09-26T09:14:57.5122932Z","94840569","True","12","False","False","","not specified"
"2026-09-26T09:15:07.6916097Z","94838539","True","12","True","False","","not specified"
"2026-09-26T14:03:43.9059926Z","94897361","True","6","True","False","","not specified"
"2026-09-26T14:04:11.0478973Z","94883831","True","6","True","False","","not specified"
"2026-09-26T14:05:00.6690343Z","94879788","True","24","False","False","","not specified"
"2026-09-26T14:05:27.6839359Z","94879021","False","0","False","False","","not specified"
"2026-09-26T14:05:37.0182463Z","94878798","False","0","False","False","","not specified"
"2026-09-26T14:07:14.9711874Z","94870372","True","36","False","False","","not specified"
"2026-09-26T14:10:33.0776298Z","94835678","False","0","False","False","","not specified"
"2026-09-26T14:11:44.3939880Z","94846277","False","0","False","False","","not specified"
"2026-09-26T14:14:20.3613326Z","94832086","False","0","False","False","","not specified"
"2026-09-26T18:18:53.1037765Z","94877062","True","12","False","True","","ASAP"
"2026-09-26T18:19:20.3778338Z","94875034","False","0","False","False","","not specified"
"2026-09-26T18:23:52.6686015Z","94846969","True","22","False","False","","not specified"
"2026-09-26T18:24:35.8181059Z","94844340","True","2","False","True","","immediate start"
"2026-09-26T18:24:49.9361283Z","94844039","True","20","True","False","","not specified"
"2026-09-26T21:48:55.9067743Z","94880754","True","6","False","False","","not specified"
"2026-09-26T21:51:53.1692198Z","94866907","True","6","False","False","","not specified"
"2026-09-26T21:53:09.8474288Z","94854969","True","12","True","True","2027-03-01","March 2027"
"2026-09-27T00:11:57.2140179Z","94883249","True","6","True","True","","immediately"
"2026-09-27T00:12:04.2372573Z","94883191","True","12","False","True","","to start"
"2026-09-27T00:13:19.3045152Z","94878128","False","0","False","False","","not specified"
"2026-09-27T06:10:33.5543449Z","94887670","True","12","False","False","","not specified"
"2026-09-27T06:10:38.7884656Z","94885063","True","6","False","False","","not specified"
"2026-09-27T06:14:15.1898997Z","94863611","True","12","False","False","","not specified"
"2026-09-27T06:18:21.1636725Z","94842371","False","0","False","False","","not specified"
"2026-09-27T12:42:50.9571317Z","94897417","True","6","True","False","","not specified"
"2026-09-27T12:48:49.3053806Z","94850072","False","0","False","False","","not specified"
"2026-09-27T17:27:21.6801741Z","94900163","True","52","False","False","","not specified"
"2026-09-27T17:32:34.0040781Z","94853881","True","6","True","False","","not specified"
"2026-09-27T17:35:40.2082963Z","94841235","False","0","False","False","","not specified"
"2026-09-27T17:35:45.1542932Z","94841119","True","24","True","False","","not specified"
"2026-09-27T20:50:22.4418232Z","94897335","True","9","False","True","2026-10-01","October 2026"
"2026-09-27T20:51:24.7379787Z","94879346","True","12","False","False","","not specified"
"2026-09-27T20:51:29.7361408Z","94879226","True","12","True","False","","not specified"
"2026-09-27T20:51:39.3078660Z","94879018","True","39","False","True","","ASAP"
"2026-09-27T20:52:51.3766821Z","94871192","False","0","False","False","","not specified"
"2026-09-27T20:54:33.3324880Z","94856716","True","6","True","False","","not specified"
"2026-09-27T20:55:22.4959681Z","94853782","True","12","True","True","","immediately"
"2026-09-27T20:56:25.6533001Z","94846725","False","0","False","False","","not specified"
"2026-09-27T23:39:18.6960736Z","94876474","True","6","True","False","","not specified"
"2026-09-27T23:41:28.6425584Z","94858992","True","6","False","False","","not specified"
"2026-09-27T23:44:24.1245778Z","94843984","False","0","False","False","","not specified"
"2026-09-28T03:34:11.8861006Z","94881519","True","36","False","False","","not specified"
"2026-09-28T03:35:50.9982500Z","94870220","True","30","True","False","","not specified"
"2026-09-28T03:36:11.2325861Z","94868663","True","12","True","False","","not specified"
"2026-09-28T03:36:26.8296165Z","94868378","True","24","True","False","","not specified"
"2026-09-28T03:36:55.8102216Z","94863283","True","6","True","True","","immediately"
"2026-09-28T03:37:40.5477724Z","94856435","True","0","True","True","2026-10-01","October 2026"
"2026-09-28T03:38:44.8116652Z","94852634","True","12","True","True","","commencement date"
"2026-09-28T10:31:37.6250095Z","94917506","False","0","False","False","","not specified"
"2026-09-28T10:31:55.5485477Z","94916144","True","6","False","False","","not specified"
"2026-09-28T10:32:14.3694317Z","94915414","True","3","False","False","","not specified"
"2026-09-28T10:33:37.0135320Z","94662485","True","6","True","False","","not specified"
"2026-09-28T10:33:54.6979048Z","94910250","False","0","False","False","","not specified"
"2026-09-28T10:35:51.3917069Z","94904256","False","0","False","False","","not specified"
"2026-09-28T10:36:13.4934667Z","94903518","False","0","False","False","","not specified"
"2026-09-28T10:36:31.3622913Z","94903350","True","12","True","False","","not specified"
"2026-09-28T10:36:58.5806557Z","94899931","True","6","False","True","2024-10-01","Mid-October"
"2026-09-28T10:38:17.9185554Z","94877063","False","0","False","False","","not specified"
"2026-09-28T18:24:28.4397177Z","94926384","False","0","False","False","","not specified"
"2026-09-28T18:26:06.3168080Z","94915938","True","36","False","False","","not specified"
"2026-09-28T18:26:20.3124306Z","94915485","True","12","False","False","","not specified"
"2026-09-28T18:27:44.8346200Z","94911835","True","6","True","False","","not specified"
"2026-09-28T18:27:58.9870328Z","94909499","False","0","False","False","","not specified"
"2026-09-28T18:29:21.2926720Z","94905600","False","0","False","False","","not specified"
"2026-09-28T18:31:52.9031164Z","94877592","False","0","False","False","","not specified"
"2026-09-28T18:33:11.7905819Z","94667918","False","0","False","False","","not specified"
"2026-09-28T23:42:49.9361429Z","94914406","True","6","False","True","","ASAP"
"2026-09-28T23:43:56.6099532Z","94910077","True","12","True","False","","not specified"
"2026-09-28T23:46:55.4449392Z","94881986","True","0","False","False","","not specified"
"2026-09-28T23:47:31.8098977Z","94878517","True","0","True","False","","not specified"
"2026-09-28T23:47:42.1234682Z","94877988","False","0","False","False","","not specified"
"2026-09-29T04:06:39.4793332Z","94936332","True","42","False","False","","not specified"
"2026-09-29T04:11:30.0287418Z","94907677","True","12","False","False","","not specified"
"2026-09-29T11:03:22.5259644Z","94947525","True","12","True","False","","not specified"
"2026-09-29T11:04:57.3757652Z","94942992","True","12","True","False","","not specified"
"2026-09-29T11:07:02.3750780Z","94934801","False","0","False","False","","not specified"
"2026-09-29T11:08:35.8803615Z","94925654","True","12","True","False","","not specified"
"2026-09-29T11:10:06.7299795Z","94916350","True","3","False","True","","ASAP"
"2026-09-29T11:11:26.8954372Z","94912289","False","0","False","False","","not specified"
"2026-09-29T11:11:32.1288058Z","94912062","True","6","True","False","","not specified"
"2026-09-29T11:15:08.7695744Z","94879080","False","0","False","False","","not specified"
"2026-09-29T17:36:23.9149750Z","94943658","True","6","True","False","","not specified"
"2026-09-29T17:38:34.0970064Z","94936639","True","12","False","False","","not specified"
"2026-09-29T17:38:48.6432614Z","94934691","True","39","False","False","","not specified"
"2026-09-29T17:38:53.8405713Z","94934552","False","0","False","False","","not specified"
"2026-09-29T17:39:32.7917196Z","94930996","False","0","False","False","","not specified"
"2026-09-29T17:40:11.1896062Z","94928401","False","0","False","False","","not specified"
"2026-09-29T17:40:53.8038073Z","94923464","True","6","True","False","","not specified"
"2026-09-29T17:42:35.9922738Z","94913242","True","36","False","False","","not specified"
"2026-09-29T17:44:46.9866701Z","94904927","True","61","False","False","","not specified"
"2026-09-29T17:46:00.8426483Z","94892577","True","6","False","True","","ASAP"
"2026-09-29T17:46:38.2314106Z","94879567","True","6","True","False","","not specified"
"2026-09-29T21:49:40.0579497Z","94947314","True","6","True","True","2026-10-01","October 2026"
"2026-09-29T21:54:26.2029940Z","94925452","True","12","True","False","","not specified"
"2026-09-29T21:54:49.8037574Z","94921617","False","0","False","False","","not specified"
"2026-09-29T21:55:08.2329330Z","94918012","True","12","True","True","2026-03-01","March 2027"
"2026-09-29T21:56:18.5387071Z","94913443","True","0","False","False","","not specified"
"2026-09-29T21:58:19.1991313Z","94904800","True","3","False","True","","immediately"
"2026-09-30T01:02:22.9449876Z","94959616","True","12","False","False","","not specified"
"2026-09-30T01:02:28.0267201Z","94959549","True","24","False","True","","as soon as possible"
"2026-09-30T01:02:37.5468205Z","94959404","False","0","False","False","","not specified"
"2026-09-30T01:09:00.2818042Z","94918450","False","0","False","False","","not specified"
"2026-09-30T01:09:43.3977189Z","94915354","True","24","False","False","","not specified"
"2026-09-30T08:00:13.6270393Z","94963676","True","6","True","False","","not specified"
"2026-09-30T08:00:23.0963875Z","94963211","True","13","False","False","","not specified"
"2026-09-30T08:00:32.6612434Z","94962330","True","30","False","False","","not specified"
"2026-09-30T08:00:46.5389377Z","94961586","False","0","False","False","","not specified"
"2026-09-30T08:01:00.5594841Z","94961313","False","0","False","False","","not specified"
"2026-09-30T08:01:10.0202627Z","94961215","True","5","False","True","2026-11-16","16 November 2026"
"2026-09-30T08:01:33.7391330Z","94960061","False","0","False","False","","not specified"
"2026-09-30T08:02:05.0527912Z","94959223","True","0","True","False","","not specified"
"2026-09-30T08:02:14.6461178Z","94958577","False","0","False","False","","not specified"
"2026-09-30T08:02:19.6524603Z","94958398","True","12","False","True","","day one"
"2026-09-30T08:03:04.0330194Z","94948661","False","0","False","False","","not specified"
"2026-09-30T08:06:54.8690471Z","94931818","False","0","False","False","","not specified"
"2026-09-30T08:08:01.8985491Z","94937751","True","12","False","False","","not specified"
"2026-09-30T08:08:29.0785370Z","94917757","True","3","False","False","","not specified"
"2026-09-30T14:37:19.1657604Z","94973491","True","0","True","False","","not specified"
"2026-09-30T14:37:24.3042014Z","94973145","True","12","True","False","","not specified"
"2026-09-30T14:42:30.1357785Z","94959624","False","0","False","False","","not specified"
"2026-09-30T14:42:56.9038838Z","94954574","False","0","False","False","","not specified"
"2026-09-30T14:47:15.9111456Z","94930068","True","36","True","False","","not specified"
"2026-09-30T14:47:38.0128972Z","94928199","True","12","False","False","","not specified"
"2026-09-30T19:53:26.2228103Z","94966531","False","0","False","False","","not specified"
"2026-09-30T19:54:28.2654193Z","94962170","True","6","True","False","","not specified"
"2026-09-30T19:56:26.1138990Z","94946183","True","12","True","False","","not specified"
"2026-09-30T23:26:25.7521966Z","94984075","True","12","True","False","","not specified"
"2026-09-30T23:27:49.2913207Z","94975879","True","3","True","False","","not specified"
"2026-10-01T11:20:35.5401815Z","95000064","True","0","False","True","","ASAP"
"2026-10-01T11:22:33.7414194Z","94995014","True","6","False","False","","not specified"
"2026-10-01T11:23:19.7255859Z","94993956","False","0","False","False","","not specified"
"2026-10-01T11:25:18.1215716Z","94987924","False","0","False","False","","not specified"
"2026-10-01T11:27:04.2371787Z","94985846","False","0","False","False","","not specified"
"2026-10-01T11:28:31.5004491Z","94981279","False","0","False","True","","immediately"
"2026-10-01T11:29:31.0997839Z","94976187","True","12","True","True","","ASAP"
"2026-10-01T11:31:30.2027700Z","94971408","False","0","False","False","","not specified"
"2026-10-01T11:32:11.4312311Z","94969959","True","4","False","False","","not specified"
"2026-10-01T11:33:51.8603333Z","94967263","False","0","False","False","","not specified"
"2026-10-01T11:34:56.3665178Z","94964025","True","12","True","False","","not specified"
"2026-10-01T17:59:04.9144990Z","94999865","True","6","False","False","","not specified"
"2026-10-01T18:00:07.3134991Z","94996955","True","6","True","False","","not specified"
"2026-10-01T18:02:12.6931716Z","94993079","True","39","False","False","","not specified"
"2026-10-01T18:03:20.0819763Z","94988661","True","12","True","False","","not specified"
"2026-10-01T18:04:19.4547703Z","94986595","True","12","True","False","","not specified"
"2026-10-01T18:05:17.6153619Z","94985304","True","12","True","False","","not specified"
"2026-10-01T18:07:07.2153792Z","94976193","True","12","True","True","","ASAP"
"2026-10-01T18:07:56.3078355Z","94973947","False","0","False","False","","not specified"
"2026-10-01T18:08:14.6909780Z","94973635","True","12","True","False","","not specified"
"2026-10-01T18:09:40.6143785Z","94951843","False","0","False","False","","not specified"
"2026-10-01T18:10:22.3177824Z","94968633","False","0","False","False","","not specified"
"2026-10-01T22:30:44.2604855Z","95005470","False","0","False","False","","not specified"
"2026-10-01T22:30:54.0794775Z","95001293","False","0","False","False","","not specified"
"2026-10-01T22:31:41.3090973Z","94991575","False","0","False","False","","not specified"
"2026-10-02T01:59:55.9670563Z","95012270","True","3","False","False","","not specified"
"2026-10-02T02:01:34.1715330Z","95010110","True","0","False","False","","not specified"
"2026-10-02T02:03:14.0271851Z","94998810","True","6","True","False","","not specified"
"2026-10-02T02:06:09.4700315Z","94991636","True","3","False","False","","not specified"
"2026-10-02T08:16:06.3293393Z","95026940","True","12","False","False","","not specified"
"2026-10-02T08:17:01.8521316Z","95024491","True","3","True","False","","not specified"
"2026-10-02T08:18:02.2254479Z","95022304","True","3","True","False","","not specified"
"2026-10-02T08:18:22.0978486Z","95021754","False","0","False","False","","not specified"
"2026-10-02T08:18:40.5827421Z","95020916","True","24","False","False","","not specified"
"2026-10-02T08:22:30.6452384Z","95010426","True","6","True","False","","not specified"
"2026-10-02T08:23:50.4330159Z","95001215","True","12","True","False","","not specified"
"2026-10-02T08:25:35.0984228Z","94995183","False","0","False","True","","immediately"
"2026-10-02T08:26:56.4258548Z","94991887","False","0","False","False","","not specified"
"2026-10-02T08:27:33.3802002Z","94989475","False","0","False","False","","not specified"
"2026-10-02T08:29:22.1727781Z","94985951","True","12","False","False","","not specified"
"2026-10-02T08:29:27.6147018Z","94985943","True","0","False","True","2027-10-22","22 Oct 2027"
"2026-10-02T15:21:33.5751595Z","95025939","False","0","False","False","","not specified"
"2026-10-02T15:23:10.4512731Z","94659394","True","6","False","False","","not specified"
"2026-10-02T15:23:15.7233644Z","95021417","True","12","False","False","","not specified"
"2026-10-02T15:27:09.8057036Z","95010275","False","0","False","False","","not specified"
"2026-10-02T15:28:14.4342419Z","95000288","False","0","False","False","","not specified"
"2026-10-02T15:29:05.1630752Z","94998492","True","6","True","False","","not specified"
"2026-10-02T15:30:27.3466544Z","94994403","False","0","False","False","","not specified"
"2026-10-02T20:20:05.4332336Z","95027065","True","39","True","False","","not specified"
"2026-10-02T20:20:37.7636414Z","95025506","True","15","True","True","","Immediate"
"2026-10-02T20:23:33.5433112Z","95015075","True","6","False","False","","not specified"
"2026-10-02T20:25:19.8046011Z","95011442","True","12","False","False","","not specified"
"2026-10-03T00:09:33.0661116Z","95024258","False","0","False","False","","not specified"
"2026-10-03T00:13:37.2133551Z","95011957","True","24","False","False","","not specified"
"2026-10-03T06:01:43.6133304Z","95025035","True","12","False","False","","not specified"
"2026-10-03T06:02:34.3427643Z","95022694","False","0","False","False","","not specified"
"2026-10-03T06:05:44.8278672Z","95012251","True","12","True","False","","not specified"
"2026-10-03T06:05:53.7573848Z","95012146","True","12","True","False","","not specified"
"2026-10-03T11:32:23.0361096Z","95040301","True","36","False","True","","ASAP"
"2026-10-03T11:33:43.8506621Z","94835788","False","0","False","False","","not specified"
"2026-10-03T11:36:59.8318752Z","95014162","False","0","False","False","","not specified"
"2026-10-03T11:39:04.6746657Z","95010030","True","6","False","True","2026-11-01","1 November 2026"
"2026-10-03T11:39:14.1836535Z","95009863","True","25","False","False","","not specified"
"2026-10-03T11:39:27.9479163Z","95008581","False","0","False","False","","not specified"
"2026-10-03T11:41:23.2334369Z","94996011","True","12","False","False","","not specified"
"2026-10-03T11:42:34.6284467Z","94993409","True","12","False","False","","not specified"
"2026-10-03T15:40:59.2403624Z","95010594","True","3","True","False","","not specified"
"2026-10-03T15:41:48.9148904Z","95031418","False","0","False","False","","not specified"
"2026-10-03T15:42:21.6242340Z","95026772","True","6","False","False","","not specified"
"2026-10-03T15:45:05.8992868Z","95015517","False","0","False","True","","ASAP"
"2026-10-03T15:45:33.4054217Z","95013868","True","24","False","False","","not specified"
"2026-10-03T15:47:10.3635275Z","95010456","True","12","True","False","","not specified"
"2026-10-03T15:48:11.7027931Z","95000263","False","0","False","False","","not specified"
"2026-10-03T15:49:30.0507338Z","94996055","True","42","False","False","","not specified"
"2026-10-03T18:59:13.1482426Z","95038828","False","0","False","False","","not specified"
"2026-10-03T19:03:52.6810647Z","95012395","True","12","False","True","","ASAP"
"2026-10-03T19:05:27.3020402Z","95002583","True","9","False","False","","not specified"
"2026-10-03T19:05:46.2091608Z","95000080","True","12","True","False","","not specified"
"2026-10-03T19:09:32.6943789Z","94986651","True","12","False","False","","not specified"
"2026-10-03T22:06:04.9308919Z","95026584","False","0","False","True","","Immediate start preferred"
"2026-10-03T22:07:26.1202285Z","95022088","True","16","True","True","","immediately"
"2026-10-03T22:09:41.2230135Z","95012281","True","12","True","False","","not specified"
"2026-10-04T02:22:21.6993037Z","95031998","True","6","True","False","","not specified"
"2026-10-04T02:23:11.6212203Z","95024672","True","6","False","False","","not specified"
"2026-10-04T09:23:30.4099776Z","95011759","True","12","False","False","","not specified"
"2026-10-04T09:27:32.2463726Z","94989929","False","0","False","False","","not specified"
"2026-10-04T09:27:46.6140232Z","94989010","True","8","False","False","","not specified"
"2026-10-04T09:27:51.6775991Z","94988916","False","0","False","False","","not specified"
"2026-10-04T15:08:26.5426532Z","95026123","False","0","False","False","","not specified"
"2026-10-04T15:09:06.8185428Z","95023248","False","0","False","False","","not specified"
"2026-10-04T15:09:29.3016131Z","95021686","True","12","False","False","","not specified"
"2026-10-04T15:09:47.8815333Z","95018895","True","6","True","False","","not specified"
"2026-10-04T15:10:36.8401192Z","95015529","True","38","False","False","","not specified"
"2026-10-04T15:11:23.2341429Z","94986087","True","6","True","True","","from day one"
"2026-10-04T15:12:02.8296433Z","95011340","True","12","True","False","","not specified"
"2026-10-04T15:12:57.0022209Z","95006558","False","0","False","False","","not specified"
"2026-10-04T15:15:48.7125638Z","94991110","False","0","False","False","","not specified"
"2026-10-04T19:02:14.4675728Z","95038606","False","0","False","False","","not specified"
"2026-10-04T19:02:41.2518576Z","95028715","True","12","False","False","","not specified"
"2026-10-04T19:09:32.6411900Z","94991804","True","37","True","False","","not specified"
"2026-10-04T19:09:37.7666627Z","94991511","True","12","True","False","","not specified"
"2026-10-04T19:10:04.9615787Z","94988275","False","0","False","False","","not specified"
"2026-10-04T19:10:14.4602667Z","94987672","True","12","False","False","","not specified"
"2026-10-04T22:43:21.7490661Z","95026865","True","6","False","False","","not specified"
"2026-10-04T22:46:22.7757715Z","95012779","True","12","True","False","","not specified"
"2026-10-04T22:47:57.7438112Z","94999169","True","12","True","True","","quick start"
"2026-10-04T22:48:07.4097509Z","94998710","True","12","True","False","","not specified"
"2026-10-04T22:48:57.5400005Z","94995550","True","6","False","False","","not specified"
"2026-10-05T01:33:51.3451117Z","95048066","True","6","False","False","","not specified"
"2026-10-05T01:36:56.3487959Z","95021616","True","24","True","False","","not specified"
"2026-10-05T01:38:28.4748592Z","95013183","True","41","False","False","","not specified"
"2026-10-05T01:39:35.1951266Z","95010311","True","24","False","False","","not specified"
"2026-10-05T08:16:02.9367602Z","94767600","True","12","True","True","2026-12-01","1 December 2026"
"2026-10-05T08:18:40.7751072Z","95046165","True","6","True","False","","not specified"
"2026-10-05T08:23:18.2786689Z","94972949","False","0","True","False","","not specified"
"2026-10-05T08:23:23.2630301Z","95010515","True","6","False","False","","not specified"
"2026-10-05T08:25:22.2148108Z","94994631","True","36","False","False","","not specified"
"2026-10-05T08:25:31.5461519Z","94994231","True","12","False","False","","not specified"
"2026-10-05T08:25:36.6367244Z","94994120","False","0","False","False","","not specified"
"2026-10-05T17:50:48.2079546Z","95055190","False","0","False","False","","not specified"
"2026-10-05T17:51:34.2158483Z","94996100","True","24","True","False","","not specified"
"2026-10-05T17:53:02.1329508Z","95036855","False","0","False","False","","not specified"
"2026-10-05T17:54:26.1568088Z","95022978","True","3","True","False","","not specified"
"2026-10-05T23:42:14.4710147Z","95069446","True","6","False","False","","not specified"
"2026-10-05T23:42:36.5918401Z","95061979","True","6","False","True","2023-11-15","mid November"
"2026-10-05T23:43:08.0369492Z","95055364","True","12","False","False","","not specified"
"2026-10-05T23:48:43.4533099Z","95012356","True","12","False","False","","not specified"
"2026-10-06T04:51:29.3643089Z","95047888","False","0","False","False","","not specified"
"2026-10-06T04:55:45.8294919Z","94984425","True","6","False","False","","not specified"
"2026-10-06T04:56:08.8460253Z","95012266","True","12","False","False","","not specified"
"2026-10-06T11:45:46.4673986Z","95086136","True","36","True","False","","not specified"
"2026-10-06T11:46:14.0732498Z","95085679","True","24","True","True","","ASAP"
"2026-10-06T11:48:15.2704156Z","95081877","True","36","True","False","","not specified"
"2026-10-06T11:49:27.3094874Z","95080412","False","0","False","False","","not specified"
"2026-10-06T11:49:54.7685557Z","95077941","True","12","True","False","","not specified"
"2026-10-06T11:50:04.9944273Z","95077765","True","12","True","False","","not specified"
"2026-10-06T11:50:45.2254698Z","95073546","True","36","True","False","","not specified"
"2026-10-06T11:52:01.5390893Z","95071128","True","16","True","False","","not specified"
"2026-10-06T11:52:46.2737207Z","95069815","True","6","False","False","","not specified"
"2026-10-06T11:56:02.5774693Z","95036499","False","0","False","False","","not specified"
"2026-10-06T11:57:00.7089460Z","95024011","True","6","True","False","","not specified"
"2026-10-06T11:57:42.1537067Z","95018585","True","6","True","False","","not specified"
"2026-10-06T11:57:52.1335510Z","95018247","True","6","False","False","","not specified"
"2026-10-06T17:53:52.5253698Z","95085814","True","12","True","False","","not specified"
"2026-10-06T17:57:09.0589876Z","95078486","True","0","False","True","","Immediate start"
"2026-10-06T17:57:23.7001320Z","95078206","False","0","True","True","","Immediately"
"2026-10-06T17:58:46.3838866Z","95072101","False","0","False","False","","not specified"
"2026-10-06T17:59:11.0134755Z","95071195","False","0","False","False","","not specified"
"2026-10-06T18:00:35.7489908Z","95057892","False","0","False","False","","not specified"
"2026-10-06T18:01:47.1479398Z","95055272","False","0","False","False","","not specified"
"2026-10-06T18:03:46.2339376Z","95043131","True","12","True","False","","not specified"
"2026-10-06T18:04:45.4976567Z","95026124","False","0","False","False","","not specified"
"2026-10-06T22:18:08.2376873Z","95085322","True","24","True","True","2024-11-01","mid November"
"2026-10-06T22:19:25.7595049Z","95082981","True","12","True","False","","not specified"
"2026-10-07T02:03:37.7636785Z","95099760","True","24","False","False","","not specified"
"2026-10-07T02:06:53.3630922Z","95083520","True","8","False","True","2026-10-19","19/10/2026"
"2026-10-07T02:07:16.5657100Z","95082759","True","7","False","True","2026-10-01","October 2026"
"2026-10-07T09:48:32.4493815Z","95112204","True","144","True","False","","not specified"
"2026-10-07T09:50:50.3988124Z","95107988","False","0","False","False","","not specified"
"2026-10-07T09:50:56.0239915Z","95107448","False","0","False","False","","not specified"
"2026-10-07T09:52:18.7690652Z","95103540","True","6","True","True","","ASAP"
"2026-10-07T09:53:04.8500378Z","95100472","True","24","True","False","","not specified"
"2026-10-07T09:56:20.9972434Z","95084063","True","12","False","False","","not specified"
"2026-10-07T09:56:39.3889236Z","95083685","True","12","False","False","","not specified"
"2026-10-07T09:59:29.3740740Z","95073145","True","39","True","False","","not specified"
"2026-10-07T17:14:52.3918056Z","95113911","False","0","False","False","","not specified"
"2026-10-07T17:15:02.0006680Z","95113782","False","0","False","False","","not specified"
"2026-10-07T17:17:56.5798480Z","95109599","True","10","True","False","","not specified"
"2026-10-07T17:18:24.2358564Z","95108418","True","6","True","True","","ASAP"
"2026-10-07T17:24:36.4200269Z","95082191","True","12","True","False","","not specified"
"2026-10-07T17:25:04.8405632Z","95081344","True","12","True","False","","not specified"
"2026-10-07T17:25:36.4650515Z","95080731","True","12","True","True","2027-01-14","14 Jan 2027"
"2026-10-07T22:39:12.8584165Z","95126021","False","0","False","False","","not specified"
"2026-10-07T22:40:59.6317576Z","95114664","False","0","False","False","","not specified"
"2026-10-07T22:45:06.0959057Z","95109004","False","0","False","False","","not specified"
"2026-10-07T22:46:52.0431142Z","95101767","False","0","False","False","","not specified"
"2026-10-07T22:47:01.6781500Z","95100797","True","12","False","False","","not specified"
"2026-10-07T22:47:57.9156523Z","95098989","False","0","False","False","","not specified"
"2026-10-07T22:51:36.8221573Z","95081632","True","6","True","False","","not specified"
"2026-10-08T02:29:59.5619102Z","95128066","False","0","False","False","","not specified"
"2026-10-08T02:30:04.7022400Z","95127936","True","12","True","False","","not specified"
"2026-10-08T02:32:48.2073053Z","95115699","True","9","False","False","","not specified"
"2026-10-08T02:37:43.8110865Z","95105509","False","0","False","False","","not specified"
"2026-10-08T09:56:10.0786810Z","95144920","True","6","True","False","","not specified"
"2026-10-08T09:58:57.9070929Z","95136914","True","18","True","True","","ASAP"
"2026-10-08T09:59:07.4723352Z","95136882","True","12","False","False","","not specified"
"2026-10-08T10:00:00.4627919Z","95134671","True","12","True","False","","not specified"
"2026-10-08T10:00:54.3733635Z","95131347","True","7","True","True","","ASAP"
"2026-10-08T10:01:34.3824991Z","95129723","True","36","True","True","2026-11-01","Nov start"
"2026-10-08T10:02:53.4528722Z","95127270","False","0","False","False","","not specified"
"2026-10-08T10:05:36.6277357Z","95114471","True","0","True","True","","Q1 2026"
"2026-10-08T10:06:56.5007776Z","95113007","True","12","True","False","","not specified"
"2026-10-08T10:08:55.7774367Z","95103717","False","0","False","False","","not specified"
"2026-10-08T17:14:05.0093261Z","95138897","False","0","False","False","","not specified"
"2026-10-08T17:15:42.2937130Z","95135627","True","6","False","False","","not specified"
"2026-10-08T17:17:28.8760741Z","95129945","False","0","False","False","","not specified"
"2026-10-08T17:20:07.4981822Z","95125924","True","24","True","False","","not specified"
"2026-10-08T17:20:22.8388732Z","95121903","True","36","False","False","","not specified"
"2026-10-08T17:20:42.8983470Z","95117633","False","0","False","False","","not specified"
"2026-10-08T17:23:35.2686586Z","95111816","True","3","True","False","","not specified"
"2026-10-08T17:24:12.4105075Z","95110805","True","12","True","False","","not specified"
"2026-10-08T17:25:13.8394425Z","95109127","True","12","True","False","","not specified"
"2026-10-08T22:51:12.9244966Z","95150748","True","37","True","False","","not specified"
"2026-10-08T22:52:26.3399870Z","95141201","True","6","False","True","","ASAP"
"2026-10-09T02:45:29.7208920Z","95158427","True","6","True","False","","not specified"
"2026-10-09T02:49:40.5552973Z","95140276","True","18","False","False","","not specified"
"2026-10-09T02:50:00.1465790Z","95139530","False","0","False","False","","not specified"
"2026-10-09T10:01:32.1189083Z","95167613","True","12","True","False","","not specified"
"2026-10-09T10:02:05.2108725Z","95167024","False","0","False","True","","Immediately"
"2026-10-09T10:05:53.7094257Z","95156237","True","432","False","True","2027-01-01","January 2027"
"2026-10-09T10:05:58.9409042Z","95156098","False","0","False","False","","not specified"
"2026-10-09T10:06:13.1776447Z","95155358","False","0","False","False","","not specified"
"2026-10-09T10:10:39.2020532Z","95138545","True","12","True","False","","not specified"
"2026-10-09T10:11:16.1437100Z","95136941","True","6","True","True","","ASAP"
"2026-10-09T10:12:25.1287742Z","95133932","True","12","True","True","2026-11-01","November 2026"
"2026-10-09T10:12:30.1829522Z","95133533","True","6","True","False","","not specified"
"2026-10-09T10:14:03.3961741Z","95128833","False","0","False","False","","not specified"
"2026-10-09T16:58:27.9491531Z","95166742","True","39","False","False","","not specified"
"2026-10-09T16:59:25.6666511Z","95164755","False","0","False","False","","not specified"
"2026-10-09T16:59:43.9557493Z","95164005","True","12","True","False","","not specified"
"2026-10-09T17:00:39.2618197Z","94986787","False","0","False","False","","not specified"
"2026-10-09T17:07:35.1027113Z","95135934","True","0","False","False","","not specified"
"2026-10-09T17:07:44.7264406Z","95135182","True","0","False","False","","not specified"
"2026-10-09T17:09:47.2843400Z","95128468","False","0","False","False","","not specified"
"2026-10-09T21:30:34.5370731Z","95167291","True","12","True","False","","not specified"
"2026-10-09T21:33:04.0267636Z","95161277","True","0","True","True","","ASAP"
"2026-10-09T21:34:32.9047826Z","95155356","True","12","True","True","2027-02-01","1 February 2027"
"2026-10-09T21:34:55.6330031Z","95154891","True","12","False","False","","not specified"
"2026-10-09T21:35:23.2701260Z","95154448","True","12","True","False","","not specified"
